{"cameraMode":{"drawMode":0,"name":"Shaded","section":"Shading Mode"},"sceneLighting":true,"audioPlay":false,"sceneViewState":{"showFog":true,"showMaterialUpdate":false,"showSkybox":true,"showFlares":true,"showImageEffects":true,"showParticleSystems":true},"in2DMode":false,"pivot":{"x":-0.373046875,"y":0.16748046875,"z":-2.39111328125},"rotation":{"x":0.09273224323987961,"y":-0.1841043382883072,"z":0.017449868842959405,"w":0.9783672094345093},"size":4.818007946014404,"orthographic":true}