{"cameraMode":{"drawMode":0,"name":"Shaded","section":"Shading Mode"},"sceneLighting":true,"audioPlay":false,"sceneViewState":{"showFog":true,"showMaterialUpdate":false,"showSkybox":true,"showFlares":true,"showImageEffects":true,"showParticleSystems":true},"in2DMode":false,"pivot":{"x":-0.373046875,"y":0.16748046875,"z":-2.39111328125},"rotation":{"x":0.22924871742725373,"y":-0.09763137251138687,"z":0.023117460310459138,"w":0.9681838154792786},"size":4.818007946014404,"orthographic":true}